<beans xmlns="http://www.springframework.org/schema/beans" 
xmlns:xsi="http://www.w3.org/2001/XMLSchema-instance" 
xsi:schemaLocation="http://www.springframework.org/schema/beans
http://www.springframework.org/schema/beans/spring-beans-4.0.xsd">
 
    <bean class="com.spring.app.Customer" id="custObj">
        
        <constructor-arg value="123" />
        <constructor-arg value="ABC" />
        <constructor-arg value="abc@gmail.com" />
        <constructor-arg value="8888888888" />
    
    </bean>
    
    <bean class="com.spring.app.MemberShip" id="membership">
        
        <constructor-arg value="321" />
        <constructor-arg value="PQR" />
        <constructor-arg value="100" />
        <constructor-arg ref="custObj" />
        
    </bean>
  
  
</beans>